[
  {
    "id": 1,
    "name": "Group1",
    "members": ["John", "Emma", "Michael"]
  },
  {
    "id": 2,
    "name": "Group2",
    "members": ["Alice", "Robert", "Sophia"]
  },
  {
    "id": 3,
    "name": "Group3",
    "members": ["William", "Olivia", "James"]
  },
  {
    "id": 4,
    "name": "Group4",
    "members": ["Ethan", "Ava", "Alexander"]
  },
  {
    "id": 5,
    "name": "Group5",
    "members": ["Mia", "Daniel", "Emily"]
  },
  {
    "id": 6,
    "name": "Group6",
    "members": ["Matthew", "Charlotte", "David"]
  }
]
